{
  "cpu": {
    "fqbn": "esp32:esp32:XIAO_ESP32C3:CDCOnBoot=default,PartitionScheme=default,CPUFreq=160,FlashMode=qio,FlashFreq=80,FlashSize=4M,UploadSpeed=921600,DebugLevel=none,EraseFlash=none",
    "name": "DFRobot Beetle ESP32-C3",
    "type": "serial"
  },
  "secrets": [
    {
      "name": "SECRET_DEVICE_KEY",
      "value": ""
    },
    {
      "name": "SECRET_OPTIONAL_PASS",
      "value": ""
    },
    {
      "name": "SECRET_SSID",
      "value": ""
    }
  ],
  "included_libs": []
}